AAU /ndn/at/aau
AFA /ndn/it/afasystems
ANYANG /ndn/kr/anyang
ARIZONA /ndn/edu/arizona
BASEL /ndn/ch/unibas
BERN /ndn/ch/unibe
BUPT /ndn/cn/edu/bupt
BYU /ndn/edu/byu
CAGLIARI /ndn/it/unica
CAIDA /ndn/org/caida
CNIC /ndn/cn/cas/cnic
COPELABS /ndn/pt/ulusofona/copelabs
CORUNA /ndn/es/udc
CSU /ndn/edu/colostate
GOETTINGEN /ndn/de/uni-goettingen
INDONESIA /ndn/id/ac/ui
KISTI /ndn/kr/re/kisti
LIP6 /ndn/fr/lip6
MEMPHIS /ndn/edu/memphis
MICHIGAN /ndn/edu/umich
MINHO /ndn/pt/uminho
MSU /ndn/th/ac/msu
MUMBAI_AWS /ndn/aws/mumbai
NEU /ndn/edu/neu
NIST /ndn/gov/nist
NTNU /ndn/no/ntnu
OSAKA /ndn/jp/ac/osaka-u
PADUA /ndn/it/unipd
PKUSZ /ndn/cn/edu/pkusz
REMAP /ndn/edu/ucla/remap
SRRU /ndn/th/ac/srru
SYSTEMX /ndn/fr/irt-systemx
TNO /ndn/nl/tno
TONGJI /ndn/cn/edu/tongji
UASLP /ndn/mx/uaslp
UCI /ndn/edu/uci
UCLA /ndn/edu/ucla
UFPA /ndn/br/ufpa
UIUC /ndn/edu/illinois
URJC /ndn/es/urjc
UUM /ndn/my/edu/uum
WASEDA /ndn/jp/waseda
WU /ndn/edu/wustl
